id;content;name;create_time;update_time
1;Berkshire Gloves;Optimization contextually-based;2021-03-10T01:28:29;2021-03-10T01:01:07
2;secondary cross-platform;Refined Corporate;2021-03-10T10:10:55;2021-03-09T10:58:48
3;Rubber;fuchsia;2021-03-09T21:18:24;2021-03-09T18:52:32
4;Investment Account;Human value-added Forward;2021-03-09T19:34:53;2021-03-09T11:50:30
5;SSL best-of-breed;Investor Ergonomic;2021-03-10T01:08:57;2021-03-09T20:20:14
6;Designer Michigan;circuit;2021-03-10T08:48:31;2021-03-09T23:01:31
7;embrace protocol;heuristic sticky withdrawal;2021-03-10T02:09:56;2021-03-09T23:47:47
8;Streamlined Forint New Israeli Sheqel;Mexican Peso Mexican Unidad de Inversion (UDI) grow;2021-03-09T12:02:44;2021-03-09T17:52:34
9;Games;web-enabled;2021-03-09T15:29:03;2021-03-09T23:27:30
10;Developer;e-markets Iceland payment;2021-03-10T06:00:09;2021-03-10T04:07:30
